Start Time,End Time,Activity
2020-12-06 12:10:01,2020-12-07 02:35:00,3
2020-12-07 02:35:00,2020-12-07 02:36:00,109
2020-12-07 02:36:00,2020-12-07 02:37:00,109
2020-12-07 02:37:00,2020-12-07 02:38:00,109
2020-12-07 02:38:00,2020-12-07 02:39:00,109
2020-12-07 02:39:00,2020-12-07 02:40:00,109
2020-12-07 02:40:00,2020-12-07 02:41:00,109
2020-12-07 02:41:00,2020-12-07 02:42:00,109
2020-12-07 02:42:00,2020-12-07 02:43:00,109
2020-12-07 02:43:00,2020-12-07 02:44:00,109
2020-12-07 02:44:00,2020-12-07 02:45:00,109
2020-12-07 02:45:00,2020-12-07 02:46:00,109
2020-12-07 02:46:00,2020-12-07 02:47:00,109
2020-12-07 02:47:00,2020-12-07 02:48:00,109
2020-12-07 02:48:00,2020-12-07 02:49:00,109
2020-12-07 02:49:00,2020-12-07 02:50:00,109
2020-12-07 02:50:00,2020-12-07 02:51:00,109
2020-12-07 02:51:00,2020-12-07 02:52:00,109
2020-12-07 02:52:00,2020-12-07 02:53:00,109
2020-12-07 02:53:00,2020-12-07 02:54:00,109
2020-12-07 02:54:00,2020-12-07 02:55:00,109
2020-12-07 02:55:00,2020-12-07 02:56:00,109
2020-12-07 02:56:00,2020-12-07 02:57:00,109
2020-12-07 02:57:00,2020-12-07 02:58:00,109
2020-12-07 02:58:00,2020-12-07 02:59:00,109
2020-12-07 02:59:00,2020-12-07 03:00:00,109
2020-12-07 03:00:00,2020-12-07 03:01:00,109
2020-12-07 03:01:00,2020-12-07 03:02:00,109
2020-12-07 03:02:00,2020-12-07 03:03:00,109
2020-12-07 03:03:00,2020-12-07 03:04:00,109
2020-12-07 03:04:00,2020-12-07 03:05:00,109
2020-12-07 03:05:00,2020-12-07 03:06:00,109
2020-12-07 03:06:00,2020-12-07 03:07:00,109
2020-12-07 03:07:00,2020-12-07 03:08:00,109
2020-12-07 03:08:00,2020-12-07 03:09:00,109
2020-12-07 03:09:00,2020-12-07 03:10:00,109
2020-12-07 03:10:00,2020-12-07 03:11:00,109
2020-12-07 03:11:00,2020-12-07 03:12:00,109
2020-12-07 03:12:00,2020-12-07 03:13:00,109
2020-12-07 03:13:00,2020-12-07 03:14:00,109
2020-12-07 03:14:00,2020-12-07 03:15:00,109
2020-12-07 03:15:00,2020-12-07 03:16:00,109
2020-12-07 03:16:00,2020-12-07 03:17:00,109
2020-12-07 03:17:00,2020-12-07 03:18:00,109
2020-12-07 03:18:00,2020-12-07 03:19:00,109
2020-12-07 03:19:00,2020-12-07 03:20:00,109
2020-12-07 03:20:00,2020-12-07 03:21:00,109
2020-12-07 03:21:00,2020-12-07 03:22:00,109
2020-12-07 03:22:00,2020-12-07 03:23:00,109
2020-12-07 03:23:00,2020-12-07 03:24:00,109
2020-12-07 03:24:00,2020-12-07 03:25:00,109
2020-12-07 03:25:00,2020-12-07 03:26:00,109
2020-12-07 03:26:00,2020-12-07 03:27:00,109
2020-12-07 03:27:00,2020-12-07 03:28:00,109
2020-12-07 03:28:00,2020-12-07 03:29:00,109
2020-12-07 03:29:00,2020-12-07 03:30:00,109
2020-12-07 03:30:00,2020-12-07 03:31:00,109
2020-12-07 03:31:00,2020-12-07 03:32:00,109
2020-12-07 03:32:00,2020-12-07 03:33:00,109
2020-12-07 03:33:00,2020-12-07 03:34:00,109
2020-12-07 03:34:00,2020-12-07 03:35:00,109
2020-12-07 03:35:00,2020-12-07 03:36:00,109
2020-12-07 03:36:00,2020-12-07 03:37:00,110
2020-12-07 03:37:00,2020-12-07 03:38:00,110
2020-12-07 03:38:00,2020-12-07 03:39:00,110
2020-12-07 03:39:00,2020-12-07 03:40:00,110
2020-12-07 03:40:00,2020-12-07 03:41:00,110
2020-12-07 03:41:00,2020-12-07 03:42:00,110
2020-12-07 03:42:00,2020-12-07 03:43:00,110
2020-12-07 03:43:00,2020-12-07 03:44:00,110
2020-12-07 03:44:00,2020-12-07 03:45:00,110
2020-12-07 03:45:00,2020-12-07 03:46:00,110
2020-12-07 03:46:00,2020-12-07 03:47:00,110
2020-12-07 03:47:00,2020-12-07 03:48:00,110
2020-12-07 03:48:00,2020-12-07 03:49:00,110
2020-12-07 03:49:00,2020-12-07 03:50:00,110
2020-12-07 03:50:00,2020-12-07 03:51:00,110
2020-12-07 03:51:00,2020-12-07 03:52:00,110
2020-12-07 03:52:00,2020-12-07 03:53:00,109
2020-12-07 03:53:00,2020-12-07 03:54:00,109
2020-12-07 03:54:00,2020-12-07 03:55:00,109
2020-12-07 03:55:00,2020-12-07 03:56:00,109
2020-12-07 03:56:00,2020-12-07 03:57:00,109
2020-12-07 03:57:00,2020-12-07 03:58:00,109
2020-12-07 03:58:00,2020-12-07 03:59:00,109
2020-12-07 03:59:00,2020-12-07 04:00:00,109
2020-12-07 04:00:00,2020-12-07 04:01:00,109
2020-12-07 04:01:00,2020-12-07 04:02:00,109
2020-12-07 04:02:00,2020-12-07 04:03:00,109
2020-12-07 04:03:00,2020-12-07 04:04:00,109
2020-12-07 04:04:00,2020-12-07 04:05:00,109
2020-12-07 04:05:00,2020-12-07 04:06:00,109
2020-12-07 04:06:00,2020-12-07 04:07:00,109
2020-12-07 04:07:00,2020-12-07 04:08:00,109
2020-12-07 04:08:00,2020-12-07 04:09:00,110
2020-12-07 04:09:00,2020-12-07 04:10:00,110
2020-12-07 04:10:00,2020-12-07 04:11:00,110
2020-12-07 04:11:00,2020-12-07 04:12:00,110
2020-12-07 04:12:00,2020-12-07 04:13:00,109
2020-12-07 04:13:00,2020-12-07 04:14:00,109
2020-12-07 04:14:00,2020-12-07 04:15:00,109
2020-12-07 04:15:00,2020-12-07 04:16:00,109
2020-12-07 04:16:00,2020-12-07 04:17:00,109
2020-12-07 04:17:00,2020-12-07 04:18:00,109
2020-12-07 04:18:00,2020-12-07 04:19:00,109
2020-12-07 04:19:00,2020-12-07 04:20:00,109
2020-12-07 04:20:00,2020-12-07 04:21:00,109
2020-12-07 04:21:00,2020-12-07 04:22:00,109
2020-12-07 04:22:00,2020-12-07 04:23:00,109
2020-12-07 04:23:00,2020-12-07 04:24:00,109
2020-12-07 04:24:00,2020-12-07 04:25:00,109
2020-12-07 04:25:00,2020-12-07 04:26:00,109
2020-12-07 04:26:00,2020-12-07 04:27:00,109
2020-12-07 04:27:00,2020-12-07 04:28:00,109
2020-12-07 04:28:00,2020-12-07 04:29:00,109
2020-12-07 04:29:00,2020-12-07 04:30:00,109
2020-12-07 04:30:00,2020-12-07 04:31:00,109
2020-12-07 04:31:00,2020-12-07 04:32:00,109
2020-12-07 04:32:00,2020-12-07 04:33:00,109
2020-12-07 04:33:00,2020-12-07 04:34:00,109
2020-12-07 04:34:00,2020-12-07 04:35:00,109
2020-12-07 04:35:00,2020-12-07 04:36:00,109
2020-12-07 04:36:00,2020-12-07 04:37:00,109
2020-12-07 04:37:00,2020-12-07 04:38:00,109
2020-12-07 04:38:00,2020-12-07 04:39:00,109
2020-12-07 04:39:00,2020-12-07 04:40:00,109
2020-12-07 04:40:00,2020-12-07 04:41:00,109
2020-12-07 04:41:00,2020-12-07 04:42:00,109
2020-12-07 04:42:00,2020-12-07 04:43:00,109
2020-12-07 04:43:00,2020-12-07 04:44:00,109
2020-12-07 04:44:00,2020-12-07 04:45:00,109
2020-12-07 04:45:00,2020-12-07 04:46:00,109
2020-12-07 04:46:00,2020-12-07 04:47:00,109
2020-12-07 04:47:00,2020-12-07 04:48:00,109
2020-12-07 04:48:00,2020-12-07 04:49:00,109
2020-12-07 04:49:00,2020-12-07 04:50:00,109
2020-12-07 04:50:00,2020-12-07 04:51:00,109
2020-12-07 04:51:00,2020-12-07 04:52:00,109
2020-12-07 04:52:00,2020-12-07 04:53:00,109
2020-12-07 04:53:00,2020-12-07 04:54:00,109
2020-12-07 04:54:00,2020-12-07 04:55:00,109
2020-12-07 04:55:00,2020-12-07 04:56:00,109
2020-12-07 04:56:00,2020-12-07 04:57:00,109
2020-12-07 04:57:00,2020-12-07 04:58:00,109
2020-12-07 04:58:00,2020-12-07 04:59:00,109
2020-12-07 04:59:00,2020-12-07 05:00:00,109
2020-12-07 05:00:00,2020-12-07 05:01:00,109
2020-12-07 05:01:00,2020-12-07 05:02:00,109
2020-12-07 05:02:00,2020-12-07 05:03:00,109
2020-12-07 05:03:00,2020-12-07 05:04:00,109
2020-12-07 05:04:00,2020-12-07 05:05:00,109
2020-12-07 05:05:00,2020-12-07 05:06:00,109
2020-12-07 05:06:00,2020-12-07 05:07:00,109
2020-12-07 05:07:00,2020-12-07 05:08:00,109
2020-12-07 05:08:00,2020-12-07 05:09:00,109
2020-12-07 05:09:00,2020-12-07 05:10:00,109
2020-12-07 05:10:00,2020-12-07 05:11:00,109
2020-12-07 05:11:00,2020-12-07 05:12:00,109
2020-12-07 05:12:00,2020-12-07 05:13:00,109
2020-12-07 05:13:00,2020-12-07 05:14:00,109
2020-12-07 05:14:00,2020-12-07 05:15:00,109
2020-12-07 05:15:00,2020-12-07 05:16:00,109
2020-12-07 05:16:00,2020-12-07 05:17:00,110
2020-12-07 05:17:00,2020-12-07 05:18:00,110
2020-12-07 05:18:00,2020-12-07 05:19:00,110
2020-12-07 05:19:00,2020-12-07 05:20:00,110
2020-12-07 05:20:00,2020-12-07 05:21:00,110
2020-12-07 05:21:00,2020-12-07 05:22:00,110
2020-12-07 05:22:00,2020-12-07 05:23:00,110
2020-12-07 05:23:00,2020-12-07 05:24:00,110
2020-12-07 05:24:00,2020-12-07 05:25:00,110
2020-12-07 05:25:00,2020-12-07 05:26:00,110
2020-12-07 05:26:00,2020-12-07 05:27:00,110
2020-12-07 05:27:00,2020-12-07 05:28:00,110
2020-12-07 05:28:00,2020-12-07 05:29:00,110
2020-12-07 05:29:00,2020-12-07 05:30:00,110
2020-12-07 05:30:00,2020-12-07 05:31:00,109
2020-12-07 05:31:00,2020-12-07 05:32:00,109
2020-12-07 05:32:00,2020-12-07 05:33:00,109
2020-12-07 05:33:00,2020-12-07 05:34:00,109
2020-12-07 05:34:00,2020-12-07 05:35:00,109
2020-12-07 05:35:00,2020-12-07 05:36:00,109
2020-12-07 05:36:00,2020-12-07 05:37:00,109
2020-12-07 05:37:00,2020-12-07 05:38:00,109
2020-12-07 05:38:00,2020-12-07 05:39:00,109
2020-12-07 05:39:00,2020-12-07 05:40:00,109
2020-12-07 05:40:00,2020-12-07 05:41:00,109
2020-12-07 05:41:00,2020-12-07 05:42:00,109
2020-12-07 05:42:00,2020-12-07 05:43:00,109
2020-12-07 05:43:00,2020-12-07 05:44:00,109
2020-12-07 05:44:00,2020-12-07 05:45:00,109
2020-12-07 05:45:00,2020-12-07 05:46:00,109
2020-12-07 05:46:00,2020-12-07 05:47:00,109
2020-12-07 05:47:00,2020-12-07 05:48:00,109
2020-12-07 05:48:00,2020-12-07 05:49:00,109
2020-12-07 05:49:00,2020-12-07 05:50:00,109
2020-12-07 05:50:00,2020-12-07 05:51:00,109
2020-12-07 05:51:00,2020-12-07 05:52:00,109
2020-12-07 05:52:00,2020-12-07 05:53:00,109
2020-12-07 05:53:00,2020-12-07 05:54:00,109
2020-12-07 05:54:00,2020-12-07 05:55:00,109
2020-12-07 05:55:00,2020-12-07 05:56:00,109
2020-12-07 05:56:00,2020-12-07 05:57:00,109
2020-12-07 05:57:00,2020-12-07 05:58:00,109
2020-12-07 05:58:00,2020-12-07 05:59:00,109
2020-12-07 05:59:00,2020-12-07 06:00:00,109
2020-12-07 06:00:00,2020-12-07 06:01:00,109
2020-12-07 06:01:00,2020-12-07 06:02:00,109
2020-12-07 06:02:00,2020-12-07 06:03:00,109
2020-12-07 06:03:00,2020-12-07 06:04:00,109
2020-12-07 06:04:00,2020-12-07 06:05:00,109
2020-12-07 06:05:00,2020-12-07 06:06:00,109
2020-12-07 06:06:00,2020-12-07 06:07:00,109
2020-12-07 06:07:00,2020-12-07 06:08:00,109
2020-12-07 06:08:00,2020-12-07 06:09:00,109
2020-12-07 06:09:00,2020-12-07 06:10:00,109
2020-12-07 06:10:00,2020-12-07 06:11:00,109
2020-12-07 06:11:00,2020-12-07 06:12:00,109
2020-12-07 06:12:00,2020-12-07 06:13:00,109
2020-12-07 06:13:00,2020-12-07 06:14:00,109
2020-12-07 06:14:00,2020-12-07 06:15:00,109
2020-12-07 06:15:00,2020-12-07 06:16:00,109
2020-12-07 06:16:00,2020-12-07 06:17:00,109
2020-12-07 06:17:00,2020-12-07 06:18:00,109
2020-12-07 06:18:00,2020-12-07 06:19:00,109
2020-12-07 06:19:00,2020-12-07 06:20:00,109
2020-12-07 06:20:00,2020-12-07 06:21:00,109
2020-12-07 06:21:00,2020-12-07 06:22:00,109
2020-12-07 06:22:00,2020-12-07 06:23:00,109
2020-12-07 06:23:00,2020-12-07 06:24:00,109
2020-12-07 06:24:00,2020-12-07 06:25:00,110
2020-12-07 06:25:00,2020-12-07 06:26:00,110
2020-12-07 06:26:00,2020-12-07 06:27:00,110
2020-12-07 06:27:00,2020-12-07 06:28:00,110
2020-12-07 06:28:00,2020-12-07 06:29:00,109
2020-12-07 06:29:00,2020-12-07 06:30:00,109
2020-12-07 06:30:00,2020-12-07 06:31:00,109
2020-12-07 06:31:00,2020-12-07 06:32:00,109
2020-12-07 06:32:00,2020-12-07 06:33:00,109
2020-12-07 06:33:00,2020-12-07 06:34:00,109
2020-12-07 06:34:00,2020-12-07 06:35:00,109
2020-12-07 06:35:00,2020-12-07 06:36:00,109
2020-12-07 06:36:00,2020-12-07 06:37:00,109
2020-12-07 06:37:00,2020-12-07 06:38:00,109
2020-12-07 06:38:00,2020-12-07 06:39:00,109
2020-12-07 06:39:00,2020-12-07 06:40:00,109
2020-12-07 06:40:00,2020-12-07 06:41:00,109
2020-12-07 06:41:00,2020-12-07 06:42:00,109
2020-12-07 06:42:00,2020-12-07 06:43:00,109
2020-12-07 06:43:00,2020-12-07 06:44:00,109
2020-12-07 06:44:00,2020-12-07 06:45:00,109
2020-12-07 06:45:00,2020-12-07 06:46:00,109
2020-12-07 06:46:00,2020-12-07 06:47:00,110
2020-12-07 06:47:00,2020-12-07 06:48:00,110
2020-12-07 06:48:00,2020-12-07 06:49:00,109
2020-12-07 06:49:00,2020-12-07 06:50:00,109
2020-12-07 06:50:00,2020-12-07 06:51:00,109
2020-12-07 06:51:00,2020-12-07 06:52:00,109
2020-12-07 06:52:00,2020-12-07 06:53:00,109
2020-12-07 06:53:00,2020-12-07 06:54:00,109
2020-12-07 06:54:00,2020-12-07 06:55:00,109
2020-12-07 06:55:00,2020-12-07 06:56:00,109
2020-12-07 06:56:00,2020-12-07 06:57:00,109
2020-12-07 06:57:00,2020-12-07 06:58:00,109
2020-12-07 06:58:00,2020-12-07 06:59:00,109
2020-12-07 06:59:00,2020-12-07 07:00:00,109
2020-12-07 07:00:00,2020-12-07 07:01:00,109
2020-12-07 07:01:00,2020-12-07 07:02:00,109
2020-12-07 07:02:00,2020-12-07 07:03:00,110
2020-12-07 07:03:00,2020-12-07 07:04:00,110
2020-12-07 07:04:00,2020-12-07 07:05:00,110
2020-12-07 07:05:00,2020-12-07 07:06:00,110
2020-12-07 07:06:00,2020-12-07 07:07:00,110
2020-12-07 07:07:00,2020-12-07 07:08:00,110
2020-12-07 07:08:00,2020-12-07 07:09:00,110
2020-12-07 07:09:00,2020-12-07 07:10:00,110
2020-12-07 07:10:00,2020-12-07 07:11:00,110
2020-12-07 07:11:00,2020-12-07 07:12:00,110
2020-12-07 07:12:00,2020-12-07 07:13:00,110
2020-12-07 07:13:00,2020-12-07 07:14:00,110
2020-12-07 07:14:00,2020-12-07 07:15:00,110
2020-12-07 07:15:00,2020-12-07 07:16:00,110
2020-12-07 07:16:00,2020-12-07 07:17:00,110
2020-12-07 07:17:00,2020-12-07 07:18:00,110
2020-12-07 07:18:00,2020-12-07 07:19:00,110
2020-12-07 07:19:00,2020-12-07 07:20:00,110
2020-12-07 07:20:00,2020-12-07 07:21:00,109
2020-12-07 07:21:00,2020-12-07 07:22:00,109
2020-12-07 07:22:00,2020-12-07 07:23:00,109
2020-12-07 07:23:00,2020-12-07 07:24:00,109
2020-12-07 07:24:00,2020-12-07 07:25:00,109
2020-12-07 07:25:00,2020-12-07 07:26:00,109
2020-12-07 07:26:00,2020-12-07 07:27:00,109
2020-12-07 07:27:00,2020-12-07 07:28:00,109
2020-12-07 07:28:00,2020-12-07 07:29:00,109
2020-12-07 07:29:00,2020-12-07 07:30:00,109
2020-12-07 07:30:00,2020-12-07 07:31:00,109
2020-12-07 07:31:00,2020-12-07 07:32:00,109
2020-12-07 07:32:00,2020-12-07 07:33:00,109
2020-12-07 07:33:00,2020-12-07 07:34:00,109
2020-12-07 07:34:00,2020-12-07 07:35:00,109
2020-12-07 07:35:00,2020-12-07 07:36:00,109
2020-12-07 07:36:00,2020-12-07 07:37:00,109
2020-12-07 07:37:00,2020-12-07 07:38:00,109
2020-12-07 07:38:00,2020-12-07 07:39:00,109
2020-12-07 07:39:00,2020-12-07 07:40:00,109
2020-12-07 07:40:00,2020-12-07 07:41:00,109
2020-12-07 07:41:00,2020-12-07 07:42:00,109
2020-12-07 07:42:00,2020-12-07 07:43:00,109
2020-12-07 07:43:00,2020-12-07 07:44:00,109
2020-12-07 07:44:00,2020-12-07 07:45:00,109
2020-12-07 07:45:00,2020-12-07 07:46:00,109
2020-12-07 07:46:00,2020-12-07 07:47:00,109
2020-12-07 07:47:00,2020-12-07 07:48:00,109
2020-12-07 07:48:00,2020-12-07 07:49:00,109
2020-12-07 07:49:00,2020-12-07 07:50:00,109
2020-12-07 07:50:00,2020-12-07 07:51:00,109
2020-12-07 07:51:00,2020-12-07 07:52:00,109
2020-12-07 07:52:00,2020-12-07 07:53:00,109
2020-12-07 07:53:00,2020-12-07 07:54:00,109
2020-12-07 07:54:00,2020-12-07 07:55:00,109
2020-12-07 07:55:00,2020-12-07 07:56:00,109
2020-12-07 07:56:00,2020-12-07 07:57:00,109
2020-12-07 07:57:00,2020-12-07 07:58:00,109
2020-12-07 07:58:00,2020-12-07 07:59:00,109
2020-12-07 07:59:00,2020-12-07 08:00:00,109
2020-12-07 08:00:00,2020-12-07 08:01:00,109
2020-12-07 08:01:00,2020-12-07 08:02:00,109
2020-12-07 08:02:00,2020-12-07 08:03:00,109
2020-12-07 08:03:00,2020-12-07 08:04:00,109
2020-12-07 08:04:00,2020-12-07 08:05:00,109
2020-12-07 08:05:00,2020-12-07 08:06:00,109
2020-12-07 08:06:00,2020-12-07 08:07:00,109
2020-12-07 08:07:00,2020-12-07 08:08:00,109
2020-12-07 08:08:00,2020-12-07 08:09:00,109
2020-12-07 08:09:00,2020-12-07 08:10:00,109
2020-12-07 08:10:00,2020-12-07 08:11:00,109
2020-12-07 08:11:00,2020-12-07 08:12:00,109
2020-12-07 08:12:00,2020-12-07 08:13:00,109
2020-12-07 08:13:00,2020-12-07 08:14:00,109
2020-12-07 08:14:00,2020-12-07 08:15:00,109
2020-12-07 08:15:00,2020-12-07 08:16:00,109
2020-12-07 08:16:00,2020-12-07 08:17:00,109
2020-12-07 08:17:00,2020-12-07 08:18:00,109
2020-12-07 08:18:00,2020-12-07 08:19:00,109
2020-12-07 08:19:00,2020-12-07 08:20:00,109
2020-12-07 08:20:00,2020-12-07 08:21:00,109
2020-12-07 08:21:00,2020-12-07 08:22:00,109
2020-12-07 08:22:00,2020-12-07 08:23:00,109
2020-12-07 08:23:00,2020-12-07 08:24:00,109
2020-12-07 08:24:00,2020-12-07 08:25:00,109
2020-12-07 08:25:00,2020-12-07 08:26:00,109
2020-12-07 08:26:00,2020-12-07 08:27:00,109
2020-12-07 08:27:00,2020-12-07 08:28:00,109
2020-12-07 08:28:00,2020-12-07 08:29:00,109
2020-12-07 08:29:00,2020-12-07 08:30:00,109
2020-12-07 08:30:00,2020-12-07 08:31:00,109
2020-12-07 08:31:00,2020-12-07 08:32:00,109
2020-12-07 08:32:00,2020-12-07 08:33:00,109
2020-12-07 08:33:00,2020-12-07 08:34:00,109
2020-12-07 08:34:00,2020-12-07 08:35:00,109
2020-12-07 08:35:00,2020-12-07 08:36:00,109
2020-12-07 08:36:00,2020-12-07 08:37:00,109
2020-12-07 08:37:00,2020-12-07 08:38:00,109
2020-12-07 08:38:00,2020-12-07 08:39:00,109
2020-12-07 08:39:00,2020-12-07 08:40:00,109
2020-12-07 08:40:00,2020-12-07 08:41:00,109
2020-12-07 08:41:00,2020-12-07 08:42:00,109
2020-12-07 08:42:00,2020-12-07 08:43:00,109
2020-12-07 08:43:00,2020-12-07 08:44:00,109
2020-12-07 08:44:00,2020-12-07 08:45:00,109
2020-12-07 08:45:00,2020-12-07 08:46:00,109
2020-12-07 08:46:00,2020-12-07 08:47:00,109
2020-12-07 08:47:00,2020-12-07 08:48:00,109
2020-12-07 08:48:00,2020-12-07 08:49:00,109
2020-12-07 08:49:00,2020-12-07 08:50:00,109
2020-12-07 08:50:00,2020-12-07 08:51:00,109
2020-12-07 08:51:00,2020-12-07 08:52:00,109
2020-12-07 08:52:00,2020-12-07 08:53:00,109
2020-12-07 08:53:00,2020-12-07 08:54:00,109
2020-12-07 08:54:00,2020-12-07 08:55:00,109
2020-12-07 08:55:00,2020-12-07 08:56:00,109
2020-12-07 08:56:00,2020-12-07 08:57:00,109
2020-12-07 08:57:00,2020-12-07 08:58:00,109
2020-12-07 08:58:00,2020-12-07 08:59:00,109
2020-12-07 08:59:00,2020-12-07 09:00:00,109
2020-12-07 09:00:00,2020-12-07 09:01:00,109
2020-12-07 09:01:00,2020-12-07 09:02:00,109
2020-12-07 09:02:00,2020-12-07 09:03:00,109
2020-12-07 09:03:00,2020-12-07 09:04:00,109
2020-12-07 09:04:00,2020-12-07 09:05:00,109
2020-12-07 09:05:00,2020-12-07 09:06:00,109
2020-12-07 09:06:00,2020-12-07 09:07:00,109
2020-12-07 09:07:00,2020-12-07 09:08:00,109
2020-12-07 09:08:00,2020-12-07 09:09:00,109
2020-12-07 09:09:00,2020-12-07 09:10:00,109
2020-12-07 09:10:00,2020-12-07 09:11:00,109
2020-12-07 09:11:00,2020-12-07 09:12:00,109
2020-12-07 09:12:00,2020-12-07 09:13:00,109
2020-12-07 09:13:00,2020-12-07 09:14:00,109
2020-12-07 09:14:00,2020-12-07 09:15:00,109
2020-12-07 09:15:00,2020-12-07 09:16:00,109
2020-12-07 09:16:00,2020-12-07 09:17:00,109
2020-12-07 09:17:00,2020-12-07 09:18:00,109
2020-12-07 09:18:00,2020-12-07 09:19:00,109
2020-12-07 09:19:00,2020-12-07 09:20:00,109
2020-12-07 09:20:00,2020-12-07 09:21:00,109
2020-12-07 09:21:00,2020-12-07 09:22:00,109
2020-12-07 09:22:00,2020-12-07 09:23:00,109
2020-12-07 09:23:00,2020-12-07 09:24:00,109
2020-12-07 09:24:00,2020-12-07 09:25:00,109
2020-12-07 09:25:00,2020-12-07 09:26:00,109
2020-12-07 09:26:00,2020-12-07 09:27:00,109
2020-12-07 09:27:00,2020-12-07 09:28:00,109
2020-12-07 09:28:00,2020-12-07 09:29:00,109
2020-12-07 09:29:00,2020-12-07 09:30:00,109
2020-12-07 09:30:00,2020-12-07 09:31:00,109
2020-12-07 09:31:00,2020-12-07 09:32:00,109
2020-12-07 09:32:00,2020-12-07 09:33:00,109
2020-12-07 09:33:00,2020-12-07 09:34:00,109
2020-12-07 09:34:00,2020-12-07 09:35:00,109
2020-12-07 09:35:00,2020-12-07 09:36:00,109
2020-12-07 09:36:00,2020-12-07 09:37:00,109
2020-12-07 09:37:00,2020-12-07 09:38:00,109
2020-12-07 09:38:00,2020-12-07 09:39:00,109
2020-12-07 09:39:00,2020-12-07 09:40:00,109
2020-12-07 09:40:00,2020-12-07 09:41:00,109
2020-12-07 09:41:00,2020-12-07 09:42:00,109
2020-12-07 09:42:00,2020-12-07 09:43:00,109
2020-12-07 09:43:00,2020-12-07 09:44:00,109
2020-12-07 09:44:00,2020-12-07 09:45:00,109
2020-12-07 09:45:00,2020-12-07 09:46:00,109
2020-12-07 09:46:00,2020-12-07 09:47:00,109
2020-12-07 09:47:00,2020-12-07 09:48:00,109
2020-12-07 09:48:00,2020-12-07 09:49:00,109
2020-12-07 09:49:00,2020-12-07 09:50:00,109
2020-12-07 09:50:00,2020-12-07 09:51:00,109
2020-12-07 09:51:00,2020-12-07 09:52:00,109
2020-12-07 09:52:00,2020-12-07 09:53:00,109
2020-12-07 09:53:00,2020-12-07 09:54:00,109
2020-12-07 09:54:00,2020-12-07 09:55:00,109
2020-12-07 09:55:00,2020-12-07 09:56:00,109
2020-12-07 09:56:00,2020-12-07 09:57:00,109
2020-12-07 09:57:00,2020-12-07 09:58:00,109
2020-12-07 09:58:00,2020-12-07 09:59:00,109
2020-12-07 09:59:00,2020-12-07 10:00:00,109
2020-12-07 10:00:00,2020-12-07 10:01:00,109
2020-12-07 10:01:00,2020-12-07 10:02:00,109
2020-12-07 10:02:00,2020-12-07 10:03:00,109
2020-12-07 10:03:00,2020-12-07 10:04:00,109
2020-12-07 10:04:00,2020-12-07 10:05:00,109
2020-12-07 10:05:00,2020-12-07 10:06:00,109
2020-12-07 10:06:00,2020-12-07 10:07:00,109
2020-12-07 10:07:00,2020-12-07 10:08:00,109
2020-12-07 10:08:00,2020-12-07 10:09:00,109
2020-12-07 10:09:00,2020-12-07 10:10:00,109
2020-12-07 10:10:00,2020-12-07 10:11:00,109
2020-12-07 10:11:00,2020-12-07 10:12:00,109
2020-12-07 10:12:00,2020-12-07 10:13:00,109
2020-12-07 10:13:00,2020-12-07 10:14:00,109
2020-12-07 10:14:00,2020-12-07 10:15:00,109
2020-12-07 10:15:00,2020-12-07 10:16:00,109
2020-12-07 10:16:00,2020-12-07 10:17:00,109
2020-12-07 10:17:00,2020-12-07 10:18:00,109
2020-12-07 10:18:00,2020-12-07 10:19:00,109
2020-12-07 10:19:00,2020-12-07 10:20:00,109
2020-12-07 10:20:00,2020-12-07 10:21:00,109
2020-12-07 10:21:00,2020-12-07 10:22:00,109
2020-12-07 10:22:00,2020-12-07 10:23:00,109
2020-12-07 10:23:00,2020-12-07 10:24:00,109
2020-12-07 10:24:00,2020-12-07 10:25:00,109
2020-12-07 10:25:00,2020-12-07 10:26:00,109
2020-12-07 10:26:00,2020-12-07 10:27:00,109
2020-12-07 10:27:00,2020-12-07 10:28:00,109
2020-12-07 10:28:00,2020-12-07 10:29:00,110
2020-12-07 10:29:00,2020-12-07 10:30:00,110
2020-12-07 10:30:00,2020-12-07 10:31:00,110
2020-12-07 10:31:00,2020-12-07 10:32:00,110
2020-12-07 10:32:00,2020-12-07 10:33:00,110
2020-12-07 10:33:00,2020-12-07 10:34:00,110
2020-12-07 10:34:00,2020-12-07 10:35:00,110
2020-12-07 10:35:00,2020-12-07 10:36:00,110
2020-12-07 10:36:00,2020-12-07 10:37:00,109
2020-12-07 10:37:00,2020-12-07 10:38:00,109
2020-12-07 10:38:00,2020-12-07 10:39:00,109
2020-12-07 10:39:00,2020-12-07 10:40:00,109
2020-12-07 10:40:00,2020-12-07 10:41:00,109
2020-12-07 10:41:00,2020-12-07 10:42:00,109
2020-12-07 10:42:00,2020-12-07 10:43:00,109
2020-12-07 10:43:00,2020-12-07 10:44:00,109
2020-12-07 10:44:00,2020-12-07 10:45:00,109
2020-12-07 10:45:00,2020-12-07 10:52:00,3
2020-12-07 10:52:00,2020-12-07 10:53:00,7
2020-12-07 10:53:00,2020-12-07 10:54:00,7
2020-12-07 10:54:00,2020-12-07 10:55:00,7
2020-12-07 10:55:00,2020-12-07 10:59:00,3
2020-12-07 10:59:00,2020-12-07 11:00:00,7
2020-12-07 11:00:00,2020-12-07 11:01:00,7
2020-12-07 11:01:00,2020-12-07 11:02:00,7
2020-12-07 11:02:00,2020-12-07 11:06:00,3
2020-12-07 11:06:00,2020-12-07 11:07:00,7
2020-12-07 11:07:00,2020-12-07 11:08:00,3
2020-12-07 11:08:00,2020-12-07 11:09:00,7
2020-12-07 11:09:00,2020-12-07 11:10:00,7
2020-12-07 11:10:00,2020-12-07 11:11:00,7
2020-12-07 11:11:00,2020-12-07 11:21:00,3
2020-12-07 11:21:00,2020-12-07 11:22:00,7
2020-12-07 11:22:00,2020-12-07 11:30:22,3
2020-12-07 11:30:22,2020-12-07 12:37:14,3
2020-12-07 12:37:14,2020-12-07 12:55:00,3
2020-12-07 12:55:00,2020-12-07 12:56:00,7
2020-12-07 12:56:00,2020-12-07 12:57:00,7
2020-12-07 12:57:00,2020-12-07 12:58:00,7
2020-12-07 12:58:00,2020-12-07 12:59:00,3
2020-12-07 12:59:00,2020-12-07 13:00:00,7
2020-12-07 13:00:00,2020-12-07 13:12:00,3
2020-12-07 13:12:00,2020-12-07 13:14:56,8
2020-12-07 13:24:06,2020-12-07 13:25:06,7
2020-12-07 13:25:06,2020-12-07 13:26:12,7
2020-12-07 13:26:12,2020-12-07 13:39:00,3
2020-12-07 13:39:00,2020-12-07 13:40:00,109
2020-12-07 13:40:00,2020-12-07 13:41:00,109
2020-12-07 13:41:00,2020-12-07 13:42:00,109
2020-12-07 13:42:00,2020-12-07 13:43:00,109
2020-12-07 13:43:00,2020-12-07 13:44:00,109
2020-12-07 13:44:00,2020-12-07 14:51:34,3
2020-12-07 14:53:52,2020-12-07 14:54:52,3
2020-12-07 14:54:52,2020-12-07 14:55:41,7
2020-12-07 14:55:41,2020-12-07 14:58:01,7
2020-12-07 14:58:01,2020-12-07 15:12:12,0
2020-12-07 15:12:12,2020-12-07 15:14:58,7
2020-12-07 15:14:58,2020-12-07 15:17:00,3
2020-12-07 15:17:00,2020-12-07 15:18:00,7
2020-12-07 15:18:00,2020-12-07 15:19:00,3
2020-12-07 15:19:00,2020-12-07 15:20:00,7
2020-12-07 15:20:00,2020-12-07 16:20:00,3
2020-12-07 16:20:00,2020-12-07 16:21:00,7
2020-12-07 16:21:00,2020-12-07 16:46:00,3
2020-12-07 16:46:00,2020-12-07 16:47:00,7
2020-12-07 16:47:00,2020-12-07 16:48:00,7
2020-12-07 16:49:18,2020-12-07 16:52:00,3
2020-12-07 16:52:00,2020-12-07 16:53:00,7
2020-12-07 16:53:00,2020-12-07 16:54:00,3
2020-12-07 16:54:00,2020-12-07 16:55:00,7
2020-12-07 16:55:00,2020-12-07 16:56:00,7
2020-12-07 16:56:00,2020-12-07 16:57:25,7
2020-12-07 17:03:08,2020-12-07 17:18:00,0
2020-12-07 17:18:00,2020-12-07 17:19:00,7
2020-12-07 17:19:00,2020-12-07 17:20:00,7
2020-12-07 17:20:00,2020-12-07 17:21:00,7
2020-12-07 17:21:00,2020-12-07 17:22:00,7
2020-12-07 17:22:43,2020-12-07 17:27:17,3
2020-12-07 17:27:17,2020-12-07 17:29:18,7
2020-12-07 17:29:18,2020-12-07 18:37:47,3
2020-12-07 18:38:26,2020-12-07 19:58:23,3
2020-12-07 19:58:23,2020-12-07 19:58:34,7
2020-12-07 19:58:34,2020-12-07 19:59:47,7
2020-12-07 20:02:03,2020-12-07 20:13:00,3
2020-12-07 20:13:00,2020-12-07 20:14:00,7
2020-12-07 20:14:00,2020-12-07 20:15:00,3
2020-12-07 20:15:00,2020-12-07 20:16:00,7
2020-12-07 20:16:00,2020-12-07 20:17:00,7
2020-12-07 20:17:00,2020-12-07 20:32:00,0
2020-12-07 20:32:00,2020-12-07 20:33:00,7
2020-12-07 20:33:00,2020-12-07 20:34:00,7
2020-12-07 20:34:00,2020-12-07 20:35:00,7
2020-12-07 20:35:00,2020-12-07 20:36:00,7
2020-12-07 20:36:00,2020-12-07 20:37:00,7
2020-12-07 20:38:13,2020-12-07 20:42:00,3
2020-12-07 20:42:00,2020-12-07 20:43:00,7
2020-12-07 20:43:00,2020-12-07 20:44:00,7
2020-12-07 20:44:00,2020-12-07 20:47:00,3
2020-12-07 20:47:00,2020-12-07 20:48:00,7
2020-12-07 20:48:00,2020-12-07 20:50:00,3
2020-12-07 20:50:00,2020-12-07 20:51:00,7
2020-12-07 20:51:00,2020-12-07 21:24:00,3
2020-12-07 21:24:00,2020-12-07 21:25:00,7
2020-12-07 21:25:00,2020-12-07 21:26:00,7
2020-12-07 21:26:00,2020-12-08 00:07:05,3
2020-12-08 00:09:27,2020-12-08 01:09:00,3
2020-12-08 01:09:00,2020-12-08 02:09:00,7
2020-12-08 02:09:00,2020-12-08 07:53:21,3
